ID,Module,title,requirement,Input_Fields,Data_Ranges,Conditions,Expected_Actions,Priority,Technique,Source_Reference
AUTH-001,用户登录与会话,Successful login and session establishment,POST /rest/user/login（routes/login.ts）用邮箱与 MD5 哈希后的密码查询 Users 表。校验通过且 totpSecret 为空时返回 200 及 authentication.token、bid；服务端对该用户执行 BasketModel.findOrCreate，客户端将 JWT 写入 localStorage 与 cookie，合并 sessionStorage 中的游客购物车，并按 login 路由的 redirectUrl 跳转。,email; password; redirectUrl,admin@juice-sh.op + admin123; jim/bender 等种子用户,User exists; deletedAt IS NULL; totpSecret empty,200 + authentication token/bid; redirect; isLoggedIn=true,High,EP+ST,routes/login.ts
AUTH-002,用户登录与会话,Login form client-side validation,Angular 登录表单对 email 做 Validators.required，对 password 做 required 与 minLength(1)。邮箱或密码为空时 Log in 按钮禁用并显示 MANDATORY_EMAIL / MANDATORY_PASSWORD，不得向 POST /rest/user/login 发起请求；密码长度为 1 时可通过客户端校验并提交服务端。,email; password,empty; single-char password; valid email,Angular reactive form validators,No HTTP when invalid; BVA at length 1 boundary,Medium,EP+BVA,frontend login component
AUTH-003,用户登录与会话,Server-side login rejection,routes/login.ts 在密码 MD5 不匹配、邮箱无对应行、或用户 deletedAt 非空（SQL 含 AND deletedAt IS NULL）时返回 401 及 Invalid email or password。客户端清除 token/bid 并保持未登录；密码比对大小写敏感，email 字段不做 trim。,email; password,wrong password; unknown email; chris.pike@ soft-deleted,MD5 hash compare; SQL includes deletedAt IS NULL,401; isLoggedIn=false; generic error message,High,EP+DT,routes/login.ts
AUTH-004,用户登录与会话,SQL injection via login email,login 路由将 req.body.email 直接拼入 Sequelize 原生 SQL 字符串（未参数化）。邮箱含引号、注释符或永真式（如 admin'--、' OR 1=1--）可能改变查询语义甚至在不校验密码的情况下返回 JWT；UNION 类 payload 视列对齐情况返回 200、401 或 500 并可能泄露数据库错误信息。,email; password,admin'--; ' OR 1=1--'; UNION payloads,Unparameterized query in login.ts,200 with JWT possible or 401/500; document actual outcome,Critical,DT,routes/login.ts
AUTH-005,用户登录与会话,Login input handling and error display,登录表单仅对 email 做必填校验，不含 @ 的畸形邮箱仍会提交 API。401 错误文案经 login 模板 {{error}} 插值展示，Angular 默认转义 email 中的 HTML；password 在服务端 MD5 后比对，错误响应中不回显明文密码。,email; password,admin (no @); <script> in email; HTML in password,Client required-only on email,401 generic message; no password reflection,Medium,EP,routes/login.ts + login template
AUTH-006,用户登录与会话,JWT and session lifecycle,lib/insecurity.authorize 签发 RS256 JWT，expiresIn 为 6 小时；过期后访问受保护 API 应得 401。同一用户多次登录可在 authenticatedUsers.tokenMap 中并存多个有效 token；携带有效 Bearer token 时 GET /rest/user/whoami 返回当前用户 id、email、role 等字段。,Authorization header,valid/expired JWT; repeated logins,security.authorize; authenticatedUsers tokenMap,401 after expiry; whoami 200 with id/email/role,High,BVA+ST,lib/insecurity + routes/currentUser.ts
AUTH-007,用户登录与会话,No rate limiting on login endpoint,server.ts 未对 POST /rest/user/login 挂载 express-rate-limit，连续失败尝试不会返回 429；对比：POST /rest/user/reset-password 受 rateLimit 中间件保护（见密码与安全问答模块）。,email; password,repeated failed attempts,No rateLimit on POST /rest/user/login,Unlimited attempts; no 429 from login route,High,DT,server.ts
AUTH-008,用户登录与会话,Remember-me OAuth and login UX,勾选 Remember-me 时 login 组件将 email 写入 localStorage，下次访问预填。仅当当前 origin 落在 config.application.googleOauth.authorizedRedirects 内时显示 Google OAuth 按钮并跳转 accounts.google.com；否则 oauthUnavailable 为 true 隐藏按钮。密码字段支持明文/密文切换，Enter 键在表单 valid 时等同点击 Log in。,rememberMe; origin; password UI,rememberMe true/false; authorized vs unauthorized origin,googleOauth config; formSubmitService,OAuth redirect or hidden; UX toggles work,Medium,DT,frontend login component
AUTH-009,用户登录与会话,2FA gate after password at login,Users.totpSecret 非空时，login 在密码正确后返回 401、status totp_token_required 及 data.tmpToken（type password_valid_needs_second_factor_token），不签发完整会话 JWT；客户端保存 totp_tmp_token 并导航至 /2fa/enter。TOTP 校验及 setup/disable 见双因素认证模块 routes/2fa.ts。,email; password,wurstbrot@ + correct password,totpSecret != '' in Users,401 + tmpToken; no full session until TFA verify,High,DT,routes/login.ts
AUTH-010,用户登录与会话,Login error handling and exposed credentials,login 查询异常时 catch 调用 next(error)，经 Express 错误处理返回 500，客户端清理 token/bid。LoginComponent 源码中硬编码 testing@juice-sh.op / IamUsedForTesting，使用后可正常登录 admin 并触发 exposedCredentialsChallenge。,email; password,DB failure simulation; testing@ seed credentials,catch next(error); exposed fields in component,500 handled; testing credentials login succeeds,Medium,EP,routes/login.ts + LoginComponent
REG-001,用户注册,Valid user registration,新用户可通过注册表单创建账户并写入 Users 表。,email; password; passwordRepeat; securityQuestion; securityAnswer,unique email; password match; valid Q&A,POST /api/Users passes validation middleware,201 created; wallet may be auto-created; user can login,High,EP,server.ts POST /api/Users
REG-002,用户注册,Duplicate email rejected,已存在邮箱不得重复注册。,email; password,email already in Users,unique constraint on email,400 or error indicating duplicate email,High,EP,finale-rest Users
REG-003,用户注册,Password mismatch blocks registration,两次密码不一致时不得创建用户。,password; passwordRepeat,non-matching values,client or server validation,Registration rejected; no new user row,Medium,EP,frontend register + /api/Users
REG-004,用户注册,Security question required,注册必须选择安全问题并填写答案。,securityQuestionId; securityAnswer,valid question from SecurityQuestions,required fields on registration,User and SecurityAnswer rows created,Medium,DT,routes/securityQuestion.ts
REG-005,用户注册,Email sanitization on registration,注册路径对 email 做 sanitize/validate，与登录路径行为对比。,email,HTML or script in email field,registration middleware chain,Malicious payload stripped or rejected; differs from login SQL path,High,EP,server.ts User registration
REG-006,用户注册,Empty required fields rejected,缺少必填字段时注册失败。,email; password,empty strings,required validators,400; no user created,Medium,EP,frontend register
REG-007,用户注册,Registration creates wallet,成功注册后应关联创建 Wallet 记录供后续支付使用。,registration payload,valid new user,POST /api/Users success,Wallet row exists for new UserId,Low,ST,models/wallet
REG-008,用户注册,Weak or short password on registration,注册密码强度/长度策略与登录 minLength(1) 的差异行为。,password; passwordRepeat,very short or common password,registration validation chain,Accepted or rejected per server rules; document vs login boundary,Medium,BVA,server.ts POST /api/Users
REG-009,用户注册,Invalid security answer rejected,安全问题答案错误或缺失时注册失败。,securityQuestionId; securityAnswer,wrong answer or empty answer,SecurityAnswer HMAC compare,400; no user created,Medium,EP,routes/securityQuestion.ts
PWD-001,密码与安全问答,Password reset with valid email,用户提交已注册邮箱可触发密码重置流程。,email,existing user email,POST /rest/user/reset-password,200 or success message; reset link/token generated,High,EP,routes/resetPassword.ts
PWD-002,密码与安全问答,Password reset rate limited,重置密码接口受 IP 限流保护。,email,repeated requests from same IP,rateLimit middleware on reset-password,429 after threshold within window,High,BVA,server.ts rateLimit
PWD-003,密码与安全问答,Password reset unknown email,未知邮箱重置应统一响应，避免用户枚举。,email,nonexistent@domain,email not in Users,Same generic response as valid email or safe error,Medium,EP,routes/resetPassword.ts
PWD-004,密码与安全问答,Change password with current credentials,已登录用户可修改密码。,currentPassword; newPassword,valid JWT; correct current password,GET /rest/user/change-password with query params,Password updated; old password invalid for login,High,DT,routes/changePassword.ts
PWD-005,密码与安全问答,Change password without current password,修改密码接口在缺少当前密码时的行为（已知弱点场景）。,newPassword; token or email in query,authenticated or token in URL,change-password route params,May allow change without verifying old password; document actual behavior,Critical,DT,routes/changePassword.ts
PWD-006,密码与安全问答,Retrieve security question for reset,重置流程可查询用户绑定的安全问题。,email,registered user email,GET /rest/user/security-question,200 with question id/text for user,Medium,EP,routes/securityQuestion.ts
PWD-007,密码与安全问答,Security answer verification on reset,重置需验证安全问题答案（HMAC 比对）。,securityAnswer,correct answer for user,answer hashed compare,Reset proceeds on match; fails on mismatch,High,EP,routes/resetPassword.ts
PWD-008,密码与安全问答,Login vs reset rate limit contrast,密码重置接口有限流而登录接口无，形成安全策略对比测试点。,email,100+ reset requests per 5min window per IP,rateLimit on /rest/user/reset-password only,429 on reset; login still unlimited,Medium,BVA,server.ts rateLimit
TFA-001,双因素认证,2FA verify with valid TOTP after tmpToken,用户在登录返回 totp_token_required 后，使用临时 tmpToken 与正确 TOTP 完成二次验证。,tmpToken; totpToken,tmpToken from login 401; valid 6-digit TOTP,totpSecret configured for user; verifySync within epochTolerance,200 on POST /rest/2fa/verify; full JWT and bid returned,High,DT,routes/2fa.ts
TFA-002,双因素认证,2FA verify with invalid TOTP,错误 TOTP 不得完成认证或签发完整会话令牌。,tmpToken; totpToken,valid tmpToken; wrong 6-digit code,verifySync returns invalid,401 on POST /rest/2fa/verify; no full session JWT,High,EP,routes/2fa.ts
TFA-003,双因素认证,2FA setup returns secret and QR,已登录用户可发起 TOTP 绑定并获取 secret 与 QR 数据。,Authorization header,authenticated non-2FA user,GET /rest/2fa/setup with valid JWT,200 with secret and QR payload; user not yet fully 2FA until verified,High,ST,routes/2fa.ts
TFA-004,双因素认证,2FA status reflects enrollment,查询接口应反映当前用户是否已启用 2FA。,Authorization header,user with or without totpSecret,GET /rest/2fa/status,200 with enrollment status matching Users.totpSecret,Medium,EP,routes/2fa.ts
TFA-005,双因素认证,2FA disable requires valid TOTP,禁用 2FA 需验证当前 TOTP，防止未授权关闭。,totpToken; Authorization,valid TOTP for enrolled user,POST /rest/2fa/disable,200 disables 2FA on success; 401 on wrong TOTP,High,DT,routes/2fa.ts
TFA-006,双因素认证,2FA verify rejects expired tmpToken,临时 tmpToken 过期后不得用于完成 2FA。,tmpToken; totpToken,expired tmpToken JWT,JWT exp passed,401 on POST /rest/2fa/verify,Medium,BVA,routes/2fa.ts
PRF-001,用户资料,View user profile page,用户可访问个人资料页查看 username 等信息。,username in URL or session,existing user profile,GET /profile,200 HTML profile page rendered,Medium,EP,routes/userProfile.ts
PRF-002,用户资料,Update profile username,已登录用户可更新 username 等字段。,username; Authorization,valid JWT,POST /profile,Profile updated; cookie token may refresh,High,EP,routes/updateUserProfile.ts
PRF-003,用户资料,Profile image file upload,用户可通过文件上传设置头像。,image file; Authorization,JPEG/PNG within size limits,POST /profile/image/file,Avatar stored; profile shows new image,Medium,BVA,routes/profileImageFileUpload.ts
PRF-004,用户资料,Profile image URL upload SSRF surface,通过 URL 设置头像时服务端抓取远程资源。,imageUrl; Authorization,http(s) URL including internal hosts,POST /profile/image/url,Image fetched or error; SSRF risk documented,Critical,DT,routes/profileImageUrlUpload.ts
PRF-005,用户资料,Profile SSTI in username display,资料页渲染 username 时的模板注入面。,username payload,template metacharacters in username,GET /profile with crafted username,Template evaluated or escaped per implementation,Critical,EP,routes/userProfile.ts
PRF-006,用户资料,Profile update CSRF token,资料更新表单使用 CSRF/cookie token 机制。,csrf token; profile fields,valid session,POST /profile with/without token,Update blocked without valid token,High,DT,routes/updateUserProfile.ts
ADR-001,收货地址,List user addresses,登录用户可列出属于自己的收货地址。,Authorization,authenticated user with addresses,GET /api/Addresss,200 array filtered by UserId,Medium,EP,routes/address.ts
ADR-002,收货地址,Create delivery address,用户可新增收货地址并绑定 UserId。,fullName; street; city; country; Authorization,valid address fields,POST /api/Addresss,201 created with UserId from token,High,EP,routes/address.ts
ADR-003,收货地址,Update own address,用户可修改自己的地址记录。,address id; updated fields,address belongs to user,PUT /api/Addresss/:id,200 updated; other users' addresses unchanged,High,EP,routes/address.ts
ADR-004,收货地址,Delete own address,用户可删除自己的地址。,address id; Authorization,owned address id,DELETE /api/Addresss/:id,204 or 200; address removed,Medium,EP,routes/address.ts
ADR-005,收货地址,IDOR on address by id,不得通过篡改 id 访问或修改他人地址。,address id,other user's address id,authenticated as different user,403/404; no cross-user modification,Critical,EP,routes/address.ts
ADR-006,收货地址,Create address missing required fields,缺少必填字段时不得创建地址。,street; city; country,empty required field,POST /api/Addresss validation,400; no address row created,Medium,EP,routes/address.ts
CAT-001,商品目录与搜索,List products via API,客户端可获取商品目录列表。,query params,default pagination,GET /api/Products,200 with product array including id name price,High,EP,finale-rest Products
CAT-002,商品目录与搜索,Product detail by id,按 id 查询单个商品详情。,product id,valid product id,GET /api/Products/:id,200 product object or 404,Medium,EP,finale-rest Products
CAT-003,商品目录与搜索,Search products by keyword,关键词搜索返回匹配商品。,q search query,normal keyword e.g. apple,GET /rest/products/search,200 with matching products,High,EP,routes/search.ts
CAT-004,商品目录与搜索,Search SQL injection in q parameter,搜索参数拼接 SQL 时的注入行为。,q,SQL metacharacters in q,unparameterized search query,Altered results or error; document injection outcome,Critical,DT,routes/search.ts
CAT-005,商品目录与搜索,Admin product API authorization,后台商品 CRUD 需 admin 角色。,Authorization; product body,customer vs admin JWT,POST/PUT/DELETE /api/Products,403 for customer; success for admin,Critical,DT,server.ts Products middleware
CAT-006,商品目录与搜索,Soft-deleted products in basket context,已删商品在购物车关联查询中的可见性。,basket with deleted product,paranoid false on basket include,GET basket with deleted product,Product still listed in basket response,Medium,EP,routes/basket.ts
CAT-007,商品目录与搜索,Empty search query,空搜索词时的返回行为。,q,empty or whitespace,GET /rest/products/search?q=,Empty list or all products per implementation,Low,BVA,routes/search.ts
CAT-008,商品目录与搜索,Product price displayed in deluxe context,Deluxe 用户看到 deluxePrice 相关展示逻辑。,product id; user role deluxe,deluxe member browsing catalog,product list/detail UI or API,Deluxe pricing reflected where applicable,Medium,EP,frontend product views
CAT-009,商品目录与搜索,Delete product admin only,删除商品仅 admin 可执行，customer 应被拒绝。,product id; Authorization,customer vs admin JWT,DELETE /api/Products/:id,403 for customer; success for admin,High,DT,finale-rest Products
CART-001,购物车,Retrieve own basket,用户可查看自己的购物车及条目。,basket id; Authorization,bid from login matches basket id,GET /rest/basket/:id,200 with Products and quantities,High,EP,routes/basket.ts
CART-002,购物车,IDOR read foreign basket,访问他人 basket id 时的越权行为。,basket id,another user's basket id,authenticated with different bid,May return foreign basket; challenge may trigger,Critical,EP,routes/basket.ts
CART-003,购物车,Add item to basket,向购物车添加商品条目。,ProductId; quantity; BasketId,valid product and positive quantity,POST /api/BasketItems,201 item added; basket total updated,High,EP,routes/basketItems.ts
CART-004,购物车,Update basket item quantity,修改购物车中商品数量。,BasketItem id; quantity,quantity 1 to stock limit,PUT /api/BasketItems/:id,200 updated quantity,High,BVA,routes/basketItems.ts
CART-005,购物车,Remove item from basket,删除购物车条目。,BasketItem id,existing item in own basket,DELETE /api/BasketItems/:id,Item removed from basket,Medium,EP,routes/basketItems.ts
CART-006,购物车,Quantity zero or negative rejected,数量为 0 或负数时的处理。,quantity,0 or negative,add or update basket item,400 or rejected; basket unchanged,Medium,BVA,routes/basketItems.ts
CART-007,购物车,Guest basket merge on login,登录后游客购物车合并到用户 basket。,guest basket id; login credentials,items in sessionStorage guest basket,successful login flow,Guest items merged; cart count updated,High,ST,frontend basket service
CART-008,购物车,Checkout entry from basket,购物车页面可进入结账流程。,basket with items; logged in,non-empty basket,navigate to checkout,Checkout loads delivery and payment options,High,ST,frontend checkout
CART-009,购物车,Add out-of-stock product,库存不足时添加或超量修改购物车的行为。,ProductId; quantity,quantity exceeds QuantityModel stock,POST/PUT BasketItems,Error or partial add per business rules,High,BVA,routes/basketItems.ts + QuantityModel
ORD-001,订单与结账,Place order from basket checkout,用户对 basket 发起 checkout 生成订单确认号。,basket id; payment/delivery selections,non-empty authenticated basket,POST /rest/basket/:id/checkout,200 orderConfirmation id; PDF generated; basket cleared,Critical,ST,routes/order.ts
ORD-002,订单与结账,Apply coupon to basket,有效优惠券应折扣 basket 总价。,basket id; coupon code,valid coupon e.g. WMNSDY2019,PUT /rest/basket/:id/coupon/:coupon,Discount applied; total reduced,High,EP,routes/coupon.ts
ORD-003,订单与结账,Invalid coupon rejected,无效或过期优惠券不得应用。,coupon code,nonexistent coupon,PUT coupon on basket,Error; basket total unchanged,Medium,EP,routes/coupon.ts
ORD-004,订单与结账,Order history for logged-in user,用户可查看自己的历史订单。,Authorization,user with past orders,GET /rest/order-history,200 with masked email and order list,High,EP,routes/orderHistory.ts
ORD-005,订单与结账,All orders admin/accounting view,accounting 角色可查看全部订单。,Authorization accounting role,accounting JWT,GET /rest/order-history/orders,200 all orders; customer role denied,Critical,DT,routes/orderHistory.ts
ORD-006,订单与结账,Track order by id,通过订单号跟踪物流状态。,order id,valid order id,GET /rest/track-order/:id,200 tracking info or error,Medium,EP,routes/trackOrder.ts
ORD-007,订单与结账,Track order NoSQL injection,订单跟踪 id 参数的 NoSQL 注入面。,order id,NoSQL operators in id,GET /rest/track-order/:id,Injection may alter query; document behavior,Critical,DT,routes/trackOrder.ts
ORD-008,订单与结账,Delivery options list,结账前可选择配送方式。,none,checkout flow,GET /api/Deliverys,200 delivery methods with prices,Medium,EP,routes/delivery.ts
ORD-009,订单与结账,Toggle delivery status accounting,accounting 可更新订单配送状态。,order id; status,accounting role,PUT /rest/order-history/:id/delivery-status,Status updated,Medium,DT,routes/orderHistory.ts
ORD-010,订单与结账,Checkout decrements inventory,结账成功后商品库存数量减少。,product in basket,quantity before checkout,successful checkout,QuantityModel decreased by ordered amount,High,ST,routes/order.ts
ORD-011,订单与结账,Checkout wallet deduction,使用钱包余额支付时 checkout 扣减余额。,wallet balance; order total,sufficient balance,checkout with wallet payment,Wallet balance reduced; order completes,High,DT,routes/order.ts
ORD-012,订单与结账,Checkout empty basket rejected,空 basket 不得完成 checkout。,basket id,basket with zero items,POST /rest/basket/:id/checkout,400 or error; no order created,Medium,EP,routes/order.ts
PAY-001,支付与钱包,List saved payment cards,用户可查看已保存的银行卡（掩码显示）。,Authorization,user with saved cards,GET /api/Cards,200 masked card numbers for own user,High,EP,routes/payment.ts
PAY-002,支付与钱包,Add payment card,用户可添加新银行卡。,card number; name; month; year,valid card format,POST /api/Cards,201 card stored linked to UserId,High,EP,routes/payment.ts
PAY-003,支付与钱包,Delete own payment card,用户可删除自己的银行卡。,card id,owned card,DELETE /api/Cards/:id,Card removed,Medium,EP,routes/payment.ts
PAY-004,支付与钱包,IDOR on payment cards,不得访问或删除他人银行卡。,card id,other user's card id,different authenticated user,403/404,Critical,EP,routes/payment.ts
PAY-005,支付与钱包,Get wallet balance,用户可查询电子钱包余额。,Authorization,user with wallet,GET /rest/wallet/balance,200 balance amount,Medium,EP,routes/wallet.ts
PAY-006,支付与钱包,Top up wallet balance,用户可通过 PUT 增加钱包余额。,amount; Authorization,positive amount,PUT /rest/wallet/balance,Balance increased,Medium,BVA,routes/wallet.ts
PAY-007,支付与钱包,Card number validation boundary,卡号长度与 Luhn 等校验边界。,cardNum,too short/long/invalid Luhn,POST /api/Cards,400 validation error,Medium,BVA,routes/payment.ts
PAY-008,支付与钱包,Expired payment card rejected,过期月份/年份的银行卡不得用于支付或保存。,month; year,past expiry date,POST /api/Cards,400 validation error,Medium,BVA,routes/payment.ts
B2B-001,B2B 企业订单,Submit B2B order with orderLines,企业 API 接受 orderLines 并创建 B2B 订单。,orderLines JSON,valid product lines,POST /b2b/v2/orders,201 order created,High,EP,routes/b2bOrder.ts
B2B-002,B2B 企业订单,B2B order schema validation,畸形 orderLines 应被拒绝。,orderLines,missing required fields,POST /b2b/v2/orders,400 validation error,Medium,EP,routes/b2bOrder.ts
B2B-003,B2B 企业订单,B2B RCE via order payload,orderLines 中可执行代码的 RCE 面（教学漏洞）。,orderLines with executable payload,crafted malicious orderLines,POST /b2b/v2/orders,Remote code execution possible; sandbox timeout behavior,Critical,DT,routes/b2bOrder.ts
B2B-004,B2B 企业订单,B2B endpoint authentication,B2B 接口的鉴权要求。,Authorization or API key,with/without credentials,POST /b2b/v2/orders,Document required auth; unauthorized rejected if enforced,High,DT,routes/b2bOrder.ts
B2B-005,B2B 企业订单,B2B empty orderLines rejected,空 orderLines 数组应被拒绝。,orderLines,[] empty array,POST /b2b/v2/orders,400 validation error,Medium,EP,routes/b2bOrder.ts
REV-001,商品评价,List reviews for product,可查看某商品的全部评价。,product id,product with reviews,GET /rest/products/:id/reviews,200 review array,Medium,EP,routes/showProductReviews.ts
REV-002,商品评价,Create product review,登录用户可为商品提交评价。,message; author; product id,authenticated user,PUT /rest/products/:id/reviews,Review created in MongoDB,High,EP,routes/createProductReviews.ts
REV-003,商品评价,Forged review author,author 字段可被伪造写入他人身份。,author field,author different from JWT user,PUT review with forged author,Review stored with forged author,High,EP,routes/createProductReviews.ts
REV-004,商品评价,Update reviews batch NoSQL,批量更新评价 id 的 NoSQL 注入面。,id query in PATCH body,NoSQL operators,PATCH /rest/products/reviews,May update unintended reviews,Critical,DT,routes/updateProductReviews.ts
REV-005,商品评价,Like product review,用户可为评价点赞。,review id,existing review,POST /rest/products/reviews,Like count incremented,Medium,EP,routes/likeProductReviews.ts
REV-006,商品评价,Review list NoSQL DoS,评价列表查询的 NoSQL 重操作 DoS 面。,product id or query params,expensive query payload,GET reviews,Slow response or timeout,High,DT,routes/showProductReviews.ts
REV-007,商品评价,Stored XSS in review message,评价内容存储型 XSS 面。,message HTML/script,script tag in review,create review then view list,Script execution or escaping per CSP,High,EP,routes/createProductReviews.ts
REV-008,商品评价,Unauthenticated review creation blocked,未登录用户不得创建评价。,product id; message,no Authorization header,PUT /rest/products/:id/reviews,401 unauthorized,Medium,EP,routes/createProductReviews.ts
FDB-001,客户反馈,Submit feedback with captcha,提交客户反馈需通过算术验证码。,comment; rating; captcha answer,correct captcha,POST /api/Feedbacks,201 feedback stored,Medium,DT,routes/captcha.ts + Feedbacks
FDB-002,客户反馈,Feedback captcha bypass,错误或未答验证码不得提交反馈。,captcha,wrong answer,POST /api/Feedbacks,400 captcha error,Medium,EP,routes/captcha.ts
FDB-003,客户反馈,List feedback entries,可查询反馈列表（权限因配置而异）。,Authorization optional,anonymous or admin,GET /api/Feedbacks,200 feedback list,Low,EP,finale-rest Feedbacks
FDB-004,客户反馈,Forged feedback userId,反馈 userId 伪造面。,userId in body,forged admin userId,POST /api/Feedbacks,Feedback attributed to forged user,High,EP,routes/verify.ts forgedFeedback
FDB-005,客户反馈,Get captcha image or text,客户端可获取验证码挑战。,none,feedback form load,GET /rest/captcha,200 captcha challenge,Low,EP,routes/captcha.ts
FDB-006,客户反馈,Empty feedback comment rejected,空评论内容不得提交反馈。,comment; captcha,empty comment string,POST /api/Feedbacks,400 validation error,Low,EP,finale-rest Feedbacks
DLX-001,Deluxe 会员,Query deluxe membership status,用户可查询是否为 Deluxe 会员。,Authorization,regular or deluxe user,GET /rest/deluxe-membership,200 membership status,Medium,EP,routes/deluxe.ts
DLX-002,Deluxe 会员,Upgrade to deluxe via wallet,使用钱包余额升级 Deluxe。,paymentMode wallet,sufficient wallet balance,POST /rest/deluxe-membership,Role upgraded to deluxe,High,DT,routes/deluxe.ts
DLX-003,Deluxe 会员,Upgrade to deluxe via card,使用银行卡支付升级 Deluxe。,paymentMode card; card id,valid saved card,POST /rest/deluxe-membership,Deluxe membership activated,High,DT,routes/deluxe.ts
DLX-004,Deluxe 会员,Free deluxe membership abuse,未实际扣款仍可获得 Deluxe 的漏洞面。,paymentMode manipulated,crafted request body,POST /rest/deluxe-membership,May obtain deluxe without payment,Critical,DT,routes/deluxe.ts
DLX-005,Deluxe 会员,Deluxe member sees deluxe pricing,Deluxe 角色用户在目录/结账中看到会员价。,Authorization deluxe role,deluxe member browsing or checkout,product price fields in API/UI,deluxePrice used where applicable,Medium,EP,routes/order.ts + frontend
DAT-001,数据导出与擦除,Request personal data export,用户可申请导出个人数据包。,Authorization; image captcha,valid captcha response,POST /rest/user/data-export,Export file or link generated,High,DT,routes/dataExport.ts
DAT-002,数据导出与擦除,Data export image captcha required,导出需通过图像验证码。,captchaId; captcha answer,missing or wrong captcha,POST /rest/user/data-export,Blocked without valid image captcha,Medium,EP,routes/imageCaptcha.ts
DAT-003,数据导出与擦除,Data export cross-store aggregation,导出内容聚合 SQLite 与 MongoDB 数据。,Authorization,user with orders and reviews,successful data export,JSON/ZIP includes orders reviews profile,Medium,ST,routes/dataExport.ts
DAT-004,数据导出与擦除,Request data erasure,用户可申请 GDPR 式数据擦除。,Authorization; form params,authenticated user,POST /dataerasure,PrivacyRequest created; erasure scheduled,High,ST,routes/dataErasure.ts
DAT-005,数据导出与擦除,Data erasure LFR vulnerability,擦除流程中的 LFR 读取任意文件面。,layout file parameter,path traversal in layout,GET/POST dataerasure,Arbitrary file read possible,Critical,EP,routes/dataErasure.ts
DAT-006,数据导出与擦除,Privacy request API,通过 API 创建隐私请求记录。,PrivacyRequest body,valid request,POST /api/PrivacyRequests,201 privacy request row,Medium,EP,finale-rest PrivacyRequests
DAT-007,数据导出与擦除,Data erasure unauthenticated blocked,未携带有效 cookie/token 时不得提交擦除请求。,session cookie,missing or invalid auth,POST /dataerasure,401 or redirect to login,High,EP,routes/dataErasure.ts
FILE-001,文件上传与静态资源,Generic file upload,通用文件上传接口接受文件并存储。,file multipart,allowed extension and size,POST /file-upload,File stored under uploads,High,BVA,routes/fileUpload.ts
FILE-002,文件上传与静态资源,ZIP upload and extraction,ZIP 上传解压行为与路径穿越面。,zip file,zip with nested paths,POST file-upload zip handler,Extracted files location documented,Critical,DT,routes/fileUpload.ts
FILE-003,文件上传与静态资源,XML upload XXE surface,XML 上传的外部实体注入面。,xml file,XXE payload,XML upload handler,Entity expansion or file read,Critical,EP,routes/fileUpload.ts
FILE-004,文件上传与静态资源,Memory photo upload and list,记忆照片上传与浏览。,image; caption,authenticated user,POST/GET /rest/memories,Memory stored and listed,Medium,EP,routes/memory.ts
FILE-005,文件上传与静态资源,FTP static directory listing,FTP 静态目录可列出或访问上传文件。,file path under /ftp,known uploaded filename,GET /ftp/...,File downloadable or directory listed,High,EP,routes/fileServer.ts
FILE-006,文件上传与静态资源,Quarantine folder access,隔离目录中的文件访问控制。,quarantine path,uploaded malicious file,GET quarantine route,Access denied or file served,Medium,EP,routes/quarantineServer.ts
FILE-007,文件上传与静态资源,Upload size limit boundary,超过大小限制的上传被拒绝。,file size,at and above max size,POST /file-upload,413 or error; file rejected,Medium,BVA,routes/fileUpload.ts
FILE-008,文件上传与静态资源,Disallowed file type rejected,不在允许列表内的文件类型不得上传成功。,file extension,e.g. .exe .php,checkFileType middleware,400 or rejected upload,High,EP,routes/fileUpload.ts
API-001,REST API 与访问控制,JWT required on protected routes,受保护 REST 路由无 token 返回 401。,Authorization header,missing Bearer token,GET protected /rest/* or /api/*,401 unauthorized,Critical,EP,lib/insecurity authorize
API-002,REST API 与访问控制,Admin role enforcement,admin 专属操作拒绝 customer 角色。,JWT role claim,role customer vs admin,admin-only endpoint,403 for customer,Critical,DT,server.ts isAccounting/isAdmin
API-003,REST API 与访问控制,Deluxe role pricing access,deluxe 角色在价格相关 API 的行为。,JWT deluxe role,deluxe member,product or checkout APIs,Deluxe price applied,Medium,EP,routes/order.ts
API-004,REST API 与访问控制,Authenticated users debug endpoint,authentication-details 返回在线用户敏感信息。,Authorization admin,admin JWT,GET /rest/user/authentication-details,200 user list with masked secrets,High,EP,routes/authenticatedUsers.ts
API-005,REST API 与访问控制,denyAll middleware blocks routes,denyAll 配置下路由不可访问。,request to denied route,denyAll enabled path,GET denied endpoint,403 or blocked,Medium,EP,server.ts denyAll
API-006,REST API 与访问控制,CORS policy behavior,跨域请求按 CORS 配置允许或拒绝。,Origin header,allowed vs disallowed origin,preflight OPTIONS,CORS headers match config,Medium,DT,server.ts cors
API-007,REST API 与访问控制,API rate limiting on sensitive routes,敏感路由（如 reset-password）限流。,repeated requests,exceed max per window,POST rate-limited route,429 Too Many Requests,High,BVA,server.ts rateLimit
API-008,REST API 与访问控制,JWT tampering rejected,篡改 JWT 签名或 payload 后请求被拒绝。,modified JWT,invalid signature,any protected route,401 invalid token,Critical,EP,lib/insecurity
API-009,REST API 与访问控制,Finale REST CRUD authorization matrix,各 Model 的 CRUD 默认鉴权矩阵一致可测。,HTTP method; model,anonymous customer admin,GET/POST/PUT/DELETE /api/{Model}s,Matrix documented per model,High,DT,server.ts finale-rest
API-010,REST API 与访问控制,Accounting role order access,accounting 角色可访问订单管理接口而 customer 不可。,Authorization,accounting vs customer JWT,GET /rest/order-history/orders,200 for accounting; 403 for customer,High,DT,routes/orderHistory.ts
UI-001,客户端表现与国际化,Registration and checkout form validation,注册页在密码不一致或必填项缺失时显示校验错误且不调用 POST /api/Users；结账流程在未选择配送方式或支付方式时阻止提交并提示用户补全。,registration fields; checkout selections,invalid/missing values,Angular form validators,Errors shown; no API when invalid,Medium,EP,frontend register + checkout
UI-002,客户端表现与国际化,JWT stored in localStorage and cookie,登录成功后 token 写入 localStorage 与 cookie。,successful login,valid credentials,login success handler,token in localStorage; cookie with expiry,High,ST,frontend auth service
UI-003,客户端表现与国际化,Language selection i18n,用户可切换界面语言。,language code,supported locale,change language in UI,UI strings from i18n files; GET /rest/languages,Low,EP,routes/languages.ts
UI-004,客户端表现与国际化,Route guard for authenticated pages,未登录访问受保护路由时被重定向。,deep link URL,no JWT in storage,navigate to /account or checkout,Redirect to login with redirectUrl,Medium,ST,frontend routing
UI-005,客户端表现与国际化,Google OAuth button visibility,OAuth 按钮仅在 authorizedRedirects 包含当前 origin 时显示。,page origin,authorized vs unauthorized origin,load /login,Button shown or hidden per config,Medium,DT,frontend login OAuth
UI-006,客户端表现与国际化,Basket count in navbar,导航栏购物车数量与 basket 同步。,cart operations,add/remove items,UI after basket change,Navbar badge updates,Low,ST,frontend navbar
